--
-- PostgreSQL database dump
--

-- Dumped from database version 14.17 (Ubuntu 14.17-0ubuntu0.22.04.1)
-- Dumped by pg_dump version 14.17 (Ubuntu 14.17-0ubuntu0.22.04.1)

SET statement_timeout = 0;
SET lock_timeout = 0;
SET idle_in_transaction_session_timeout = 0;
SET client_encoding = 'UTF8';
SET standard_conforming_strings = on;
SELECT pg_catalog.set_config('search_path', '', false);
SET check_function_bodies = false;
SET xmloption = content;
SET client_min_messages = warning;
SET row_security = off;

SET default_tablespace = '';

SET default_table_access_method = heap;

--
-- Name: auth_group; Type: TABLE; Schema: public; Owner: resourcelab
--

CREATE TABLE public.auth_group (
    id integer NOT NULL,
    name character varying(150) NOT NULL
);


ALTER TABLE public.auth_group OWNER TO resourcelab;

--
-- Name: auth_group_id_seq; Type: SEQUENCE; Schema: public; Owner: resourcelab
--

ALTER TABLE public.auth_group ALTER COLUMN id ADD GENERATED BY DEFAULT AS IDENTITY (
    SEQUENCE NAME public.auth_group_id_seq
    START WITH 1
    INCREMENT BY 1
    NO MINVALUE
    NO MAXVALUE
    CACHE 1
);


--
-- Name: auth_group_permissions; Type: TABLE; Schema: public; Owner: resourcelab
--

CREATE TABLE public.auth_group_permissions (
    id bigint NOT NULL,
    group_id integer NOT NULL,
    permission_id integer NOT NULL
);


ALTER TABLE public.auth_group_permissions OWNER TO resourcelab;

--
-- Name: auth_group_permissions_id_seq; Type: SEQUENCE; Schema: public; Owner: resourcelab
--

ALTER TABLE public.auth_group_permissions ALTER COLUMN id ADD GENERATED BY DEFAULT AS IDENTITY (
    SEQUENCE NAME public.auth_group_permissions_id_seq
    START WITH 1
    INCREMENT BY 1
    NO MINVALUE
    NO MAXVALUE
    CACHE 1
);


--
-- Name: auth_permission; Type: TABLE; Schema: public; Owner: resourcelab
--

CREATE TABLE public.auth_permission (
    id integer NOT NULL,
    name character varying(255) NOT NULL,
    content_type_id integer NOT NULL,
    codename character varying(100) NOT NULL
);


ALTER TABLE public.auth_permission OWNER TO resourcelab;

--
-- Name: auth_permission_id_seq; Type: SEQUENCE; Schema: public; Owner: resourcelab
--

ALTER TABLE public.auth_permission ALTER COLUMN id ADD GENERATED BY DEFAULT AS IDENTITY (
    SEQUENCE NAME public.auth_permission_id_seq
    START WITH 1
    INCREMENT BY 1
    NO MINVALUE
    NO MAXVALUE
    CACHE 1
);


--
-- Name: borrowers_borrower; Type: TABLE; Schema: public; Owner: resourcelab
--

CREATE TABLE public.borrowers_borrower (
    id bigint NOT NULL,
    password character varying(128) NOT NULL,
    last_login timestamp with time zone,
    is_superuser boolean NOT NULL,
    first_name character varying(150) NOT NULL,
    last_name character varying(150) NOT NULL,
    is_staff boolean NOT NULL,
    is_active boolean NOT NULL,
    date_joined timestamp with time zone NOT NULL,
    email character varying(254) NOT NULL,
    name character varying(100) NOT NULL,
    surname character varying(100) NOT NULL,
    dob date NOT NULL,
    gender character varying(10) NOT NULL,
    "idNumber" character varying(20) NOT NULL,
    address character varying(255) NOT NULL,
    credit_score integer NOT NULL,
    created_at timestamp with time zone NOT NULL
);


ALTER TABLE public.borrowers_borrower OWNER TO resourcelab;

--
-- Name: borrowers_borrower_groups; Type: TABLE; Schema: public; Owner: resourcelab
--

CREATE TABLE public.borrowers_borrower_groups (
    id bigint NOT NULL,
    borrower_id bigint NOT NULL,
    group_id integer NOT NULL
);


ALTER TABLE public.borrowers_borrower_groups OWNER TO resourcelab;

--
-- Name: borrowers_borrower_groups_id_seq; Type: SEQUENCE; Schema: public; Owner: resourcelab
--

ALTER TABLE public.borrowers_borrower_groups ALTER COLUMN id ADD GENERATED BY DEFAULT AS IDENTITY (
    SEQUENCE NAME public.borrowers_borrower_groups_id_seq
    START WITH 1
    INCREMENT BY 1
    NO MINVALUE
    NO MAXVALUE
    CACHE 1
);


--
-- Name: borrowers_borrower_id_seq; Type: SEQUENCE; Schema: public; Owner: resourcelab
--

ALTER TABLE public.borrowers_borrower ALTER COLUMN id ADD GENERATED BY DEFAULT AS IDENTITY (
    SEQUENCE NAME public.borrowers_borrower_id_seq
    START WITH 1
    INCREMENT BY 1
    NO MINVALUE
    NO MAXVALUE
    CACHE 1
);


--
-- Name: borrowers_borrower_user_permissions; Type: TABLE; Schema: public; Owner: resourcelab
--

CREATE TABLE public.borrowers_borrower_user_permissions (
    id bigint NOT NULL,
    borrower_id bigint NOT NULL,
    permission_id integer NOT NULL
);


ALTER TABLE public.borrowers_borrower_user_permissions OWNER TO resourcelab;

--
-- Name: borrowers_borrower_user_permissions_id_seq; Type: SEQUENCE; Schema: public; Owner: resourcelab
--

ALTER TABLE public.borrowers_borrower_user_permissions ALTER COLUMN id ADD GENERATED BY DEFAULT AS IDENTITY (
    SEQUENCE NAME public.borrowers_borrower_user_permissions_id_seq
    START WITH 1
    INCREMENT BY 1
    NO MINVALUE
    NO MAXVALUE
    CACHE 1
);


--
-- Name: borrowers_paymentmethod; Type: TABLE; Schema: public; Owner: resourcelab
--

CREATE TABLE public.borrowers_paymentmethod (
    id bigint NOT NULL,
    method_type character varying(50) NOT NULL,
    details jsonb NOT NULL,
    borrower_id bigint NOT NULL
);


ALTER TABLE public.borrowers_paymentmethod OWNER TO resourcelab;

--
-- Name: borrowers_paymentmethod_id_seq; Type: SEQUENCE; Schema: public; Owner: resourcelab
--

ALTER TABLE public.borrowers_paymentmethod ALTER COLUMN id ADD GENERATED BY DEFAULT AS IDENTITY (
    SEQUENCE NAME public.borrowers_paymentmethod_id_seq
    START WITH 1
    INCREMENT BY 1
    NO MINVALUE
    NO MAXVALUE
    CACHE 1
);


--
-- Name: django_admin_log; Type: TABLE; Schema: public; Owner: resourcelab
--

CREATE TABLE public.django_admin_log (
    id integer NOT NULL,
    action_time timestamp with time zone NOT NULL,
    object_id text,
    object_repr character varying(200) NOT NULL,
    action_flag smallint NOT NULL,
    change_message text NOT NULL,
    content_type_id integer,
    user_id bigint NOT NULL,
    CONSTRAINT django_admin_log_action_flag_check CHECK ((action_flag >= 0))
);


ALTER TABLE public.django_admin_log OWNER TO resourcelab;

--
-- Name: django_admin_log_id_seq; Type: SEQUENCE; Schema: public; Owner: resourcelab
--

ALTER TABLE public.django_admin_log ALTER COLUMN id ADD GENERATED BY DEFAULT AS IDENTITY (
    SEQUENCE NAME public.django_admin_log_id_seq
    START WITH 1
    INCREMENT BY 1
    NO MINVALUE
    NO MAXVALUE
    CACHE 1
);


--
-- Name: django_content_type; Type: TABLE; Schema: public; Owner: resourcelab
--

CREATE TABLE public.django_content_type (
    id integer NOT NULL,
    app_label character varying(100) NOT NULL,
    model character varying(100) NOT NULL
);


ALTER TABLE public.django_content_type OWNER TO resourcelab;

--
-- Name: django_content_type_id_seq; Type: SEQUENCE; Schema: public; Owner: resourcelab
--

ALTER TABLE public.django_content_type ALTER COLUMN id ADD GENERATED BY DEFAULT AS IDENTITY (
    SEQUENCE NAME public.django_content_type_id_seq
    START WITH 1
    INCREMENT BY 1
    NO MINVALUE
    NO MAXVALUE
    CACHE 1
);


--
-- Name: django_migrations; Type: TABLE; Schema: public; Owner: resourcelab
--

CREATE TABLE public.django_migrations (
    id bigint NOT NULL,
    app character varying(255) NOT NULL,
    name character varying(255) NOT NULL,
    applied timestamp with time zone NOT NULL
);


ALTER TABLE public.django_migrations OWNER TO resourcelab;

--
-- Name: django_migrations_id_seq; Type: SEQUENCE; Schema: public; Owner: resourcelab
--

ALTER TABLE public.django_migrations ALTER COLUMN id ADD GENERATED BY DEFAULT AS IDENTITY (
    SEQUENCE NAME public.django_migrations_id_seq
    START WITH 1
    INCREMENT BY 1
    NO MINVALUE
    NO MAXVALUE
    CACHE 1
);


--
-- Name: django_session; Type: TABLE; Schema: public; Owner: resourcelab
--

CREATE TABLE public.django_session (
    session_key character varying(40) NOT NULL,
    session_data text NOT NULL,
    expire_date timestamp with time zone NOT NULL
);


ALTER TABLE public.django_session OWNER TO resourcelab;

--
-- Name: loans_loan; Type: TABLE; Schema: public; Owner: resourcelab
--

CREATE TABLE public.loans_loan (
    id bigint NOT NULL,
    mfi_id bigint,
    amount numeric(12,2) NOT NULL,
    interest_rate numeric(5,2) NOT NULL,
    payment_method character varying(50) NOT NULL,
    status character varying(20) NOT NULL,
    application_date timestamp with time zone NOT NULL,
    updated_at timestamp with time zone NOT NULL,
    approved_date timestamp with time zone,
    amount_due numeric(12,2) NOT NULL,
    netpay numeric(12,2) NOT NULL,
    borrower_id bigint
);


ALTER TABLE public.loans_loan OWNER TO resourcelab;

--
-- Name: loans_loan_id_seq; Type: SEQUENCE; Schema: public; Owner: resourcelab
--

ALTER TABLE public.loans_loan ALTER COLUMN id ADD GENERATED BY DEFAULT AS IDENTITY (
    SEQUENCE NAME public.loans_loan_id_seq
    START WITH 1
    INCREMENT BY 1
    NO MINVALUE
    NO MAXVALUE
    CACHE 1
);


--
-- Name: mfi_mfi; Type: TABLE; Schema: public; Owner: resourcelab
--

CREATE TABLE public.mfi_mfi (
    id bigint NOT NULL,
    password character varying(128) NOT NULL,
    last_login timestamp with time zone,
    name character varying(255) NOT NULL,
    interest_rate numeric(5,2) NOT NULL,
    "licenseID" character varying(50) NOT NULL,
    email character varying(254) NOT NULL,
    created_at timestamp with time zone NOT NULL
);


ALTER TABLE public.mfi_mfi OWNER TO resourcelab;

--
-- Name: mfi_mfi_id_seq; Type: SEQUENCE; Schema: public; Owner: resourcelab
--

ALTER TABLE public.mfi_mfi ALTER COLUMN id ADD GENERATED BY DEFAULT AS IDENTITY (
    SEQUENCE NAME public.mfi_mfi_id_seq
    START WITH 1
    INCREMENT BY 1
    NO MINVALUE
    NO MAXVALUE
    CACHE 1
);


--
-- Data for Name: auth_group; Type: TABLE DATA; Schema: public; Owner: resourcelab
--

COPY public.auth_group (id, name) FROM stdin;
\.


--
-- Data for Name: auth_group_permissions; Type: TABLE DATA; Schema: public; Owner: resourcelab
--

COPY public.auth_group_permissions (id, group_id, permission_id) FROM stdin;
\.


--
-- Data for Name: auth_permission; Type: TABLE DATA; Schema: public; Owner: resourcelab
--

COPY public.auth_permission (id, name, content_type_id, codename) FROM stdin;
1	Can add log entry	1	add_logentry
2	Can change log entry	1	change_logentry
3	Can delete log entry	1	delete_logentry
4	Can view log entry	1	view_logentry
5	Can add permission	2	add_permission
6	Can change permission	2	change_permission
7	Can delete permission	2	delete_permission
8	Can view permission	2	view_permission
9	Can add group	3	add_group
10	Can change group	3	change_group
11	Can delete group	3	delete_group
12	Can view group	3	view_group
13	Can add content type	4	add_contenttype
14	Can change content type	4	change_contenttype
15	Can delete content type	4	delete_contenttype
16	Can view content type	4	view_contenttype
17	Can add session	5	add_session
18	Can change session	5	change_session
19	Can delete session	5	delete_session
20	Can view session	5	view_session
21	Can add user	6	add_borrower
22	Can change user	6	change_borrower
23	Can delete user	6	delete_borrower
24	Can view user	6	view_borrower
25	Can add payment method	7	add_paymentmethod
26	Can change payment method	7	change_paymentmethod
27	Can delete payment method	7	delete_paymentmethod
28	Can view payment method	7	view_paymentmethod
29	Can add loan	8	add_loan
30	Can change loan	8	change_loan
31	Can delete loan	8	delete_loan
32	Can view loan	8	view_loan
33	Can add mfi	9	add_mfi
34	Can change mfi	9	change_mfi
35	Can delete mfi	9	delete_mfi
36	Can view mfi	9	view_mfi
\.


--
-- Data for Name: borrowers_borrower; Type: TABLE DATA; Schema: public; Owner: resourcelab
--

COPY public.borrowers_borrower (id, password, last_login, is_superuser, first_name, last_name, is_staff, is_active, date_joined, email, name, surname, dob, gender, "idNumber", address, credit_score, created_at) FROM stdin;
1	pbkdf2_sha256$870000$AOxj6l5av4XmI3IffbhtqC$GtVidqD374tSmWtheqEfhMrZfiR1VhJwN2whoxgdKzA=	\N	f			f	t	2025-04-12 20:21:45.133531+02	kelello2412@gmail.com	kelello	Mapesela	2001-01-22	male	123	Ha-Abia , Maseru 100, Lesotho	0	2025-04-12 20:21:45.766585+02
2	pbkdf2_sha256$870000$oEJVYhQJl8iKmaeFWtxDpJ$f/GZxlZf0oDmNxgn32VL/9vvi/X7PyblFSKe9B0at0M=	\N	f			f	t	2025-04-12 20:56:09.900391+02	bahlakoanaraymond@gmail.com	Bahlakoana	Tau	2003-05-22	male	0998762	Berea	0	2025-04-12 20:56:12.420022+02
3	pbkdf2_sha256$870000$31KyFO3M6xjue3fZKvRLrz$srvO2M0tUxg6iOCIyp8o3/eUoL1LwXC+MtvOMPKPQ+8=	\N	f			f	t	2025-04-12 22:35:53.154764+02	welele@gmail.com	Helele	Halala	0001-01-01	male	12378	ha mokoa	0	2025-04-12 22:35:55.864348+02
\.


--
-- Data for Name: borrowers_borrower_groups; Type: TABLE DATA; Schema: public; Owner: resourcelab
--

COPY public.borrowers_borrower_groups (id, borrower_id, group_id) FROM stdin;
\.


--
-- Data for Name: borrowers_borrower_user_permissions; Type: TABLE DATA; Schema: public; Owner: resourcelab
--

COPY public.borrowers_borrower_user_permissions (id, borrower_id, permission_id) FROM stdin;
\.


--
-- Data for Name: borrowers_paymentmethod; Type: TABLE DATA; Schema: public; Owner: resourcelab
--

COPY public.borrowers_paymentmethod (id, method_type, details, borrower_id) FROM stdin;
\.


--
-- Data for Name: django_admin_log; Type: TABLE DATA; Schema: public; Owner: resourcelab
--

COPY public.django_admin_log (id, action_time, object_id, object_repr, action_flag, change_message, content_type_id, user_id) FROM stdin;
\.


--
-- Data for Name: django_content_type; Type: TABLE DATA; Schema: public; Owner: resourcelab
--

COPY public.django_content_type (id, app_label, model) FROM stdin;
1	admin	logentry
2	auth	permission
3	auth	group
4	contenttypes	contenttype
5	sessions	session
6	borrowers	borrower
7	borrowers	paymentmethod
8	loans	loan
9	mfi	mfi
\.


--
-- Data for Name: django_migrations; Type: TABLE DATA; Schema: public; Owner: resourcelab
--

COPY public.django_migrations (id, app, name, applied) FROM stdin;
1	contenttypes	0001_initial	2025-04-12 19:03:20.42217+02
2	contenttypes	0002_remove_content_type_name	2025-04-12 19:03:20.458949+02
3	auth	0001_initial	2025-04-12 19:03:20.928881+02
4	auth	0002_alter_permission_name_max_length	2025-04-12 19:03:20.956495+02
5	auth	0003_alter_user_email_max_length	2025-04-12 19:03:20.979847+02
6	auth	0004_alter_user_username_opts	2025-04-12 19:03:20.993287+02
7	auth	0005_alter_user_last_login_null	2025-04-12 19:03:21.007841+02
8	auth	0006_require_contenttypes_0002	2025-04-12 19:03:21.019598+02
9	auth	0007_alter_validators_add_error_messages	2025-04-12 19:03:21.035673+02
10	auth	0008_alter_user_username_max_length	2025-04-12 19:03:21.050947+02
11	auth	0009_alter_user_last_name_max_length	2025-04-12 19:03:21.068879+02
12	auth	0010_alter_group_name_max_length	2025-04-12 19:03:21.098571+02
13	auth	0011_update_proxy_permissions	2025-04-12 19:03:21.117302+02
14	auth	0012_alter_user_first_name_max_length	2025-04-12 19:03:21.135944+02
15	borrowers	0001_initial	2025-04-12 19:03:21.813585+02
16	admin	0001_initial	2025-04-12 19:03:22.030149+02
17	admin	0002_logentry_remove_auto_add	2025-04-12 19:03:22.075946+02
18	admin	0003_logentry_add_action_flag_choices	2025-04-12 19:03:22.1326+02
19	borrowers	0002_alter_borrower_groups_and_more	2025-04-12 19:03:22.184977+02
20	mfi	0001_initial	2025-04-12 19:03:22.78251+02
21	mfi	0002_remove_mfi_groups_remove_mfi_is_superuser_and_more	2025-04-12 19:03:22.911881+02
22	mfi	0003_alter_mfi_interest_rate	2025-04-12 19:03:22.92608+02
23	loans	0001_initial	2025-04-12 19:03:23.056899+02
24	loans	0002_alter_loan_amount_due_alter_loan_interest_rate_and_more	2025-04-12 19:03:23.300545+02
25	loans	0003_alter_loan_borrower_alter_loan_mfi	2025-04-12 19:03:23.484731+02
26	loans	0004_alter_loan_updated_at	2025-04-12 19:03:23.515285+02
27	sessions	0001_initial	2025-04-12 19:03:23.724435+02
\.


--
-- Data for Name: django_session; Type: TABLE DATA; Schema: public; Owner: resourcelab
--

COPY public.django_session (session_key, session_data, expire_date) FROM stdin;
\.


--
-- Data for Name: loans_loan; Type: TABLE DATA; Schema: public; Owner: resourcelab
--

COPY public.loans_loan (id, mfi_id, amount, interest_rate, payment_method, status, application_date, updated_at, approved_date, amount_due, netpay, borrower_id) FROM stdin;
1	1	200.00	0.20	Mpesa	PENDING	2025-04-12 20:22:02.236161+02	2025-04-12 20:22:02.236187+02	\N	240.00	20.00	1
2	1	500.00	0.20	Ecocash	PENDING	2025-04-12 20:57:24.840357+02	2025-04-12 20:57:24.840403+02	\N	600.00	5600.00	2
8	1	200.00	0.20	Mpesa	PENDING	2025-04-12 21:07:46.26062+02	2025-04-12 21:07:46.260687+02	\N	240.00	2000.00	2
9	2	20.00	30.00	BankTransfer	PENDING	2025-04-12 21:08:04.459413+02	2025-04-12 21:08:04.45949+02	\N	620.00	132.00	2
11	2	800.00	30.00	Mpesa	PENDING	2025-04-12 22:36:48.088412+02	2025-04-12 22:36:48.088461+02	\N	24800.00	2000.00	3
\.


--
-- Data for Name: mfi_mfi; Type: TABLE DATA; Schema: public; Owner: resourcelab
--

COPY public.mfi_mfi (id, password, last_login, name, interest_rate, "licenseID", email, created_at) FROM stdin;
1	pbkdf2_sha256$870000$lF3kWVSkRsQYv5aIYwAMzp$nNqlBpxD6x2wD+hPVhM98l6x6G7fiCqZMcBBHtXRPMo=	\N	Kelly	0.20	123	talytaly@gmail.com	2025-04-12 20:20:48.84112+02
2	pbkdf2_sha256$870000$4RXWn0wkDS5EdISjSd4x65$1N+3LuoS/WyV35KeeEDjbR6iFa+CFb1P5rpaW9OhIcc=	\N	Khosi	30.00	2345	khosi@gmail.com	2025-04-12 21:04:00.787655+02
\.


--
-- Name: auth_group_id_seq; Type: SEQUENCE SET; Schema: public; Owner: resourcelab
--

SELECT pg_catalog.setval('public.auth_group_id_seq', 1, false);


--
-- Name: auth_group_permissions_id_seq; Type: SEQUENCE SET; Schema: public; Owner: resourcelab
--

SELECT pg_catalog.setval('public.auth_group_permissions_id_seq', 1, false);


--
-- Name: auth_permission_id_seq; Type: SEQUENCE SET; Schema: public; Owner: resourcelab
--

SELECT pg_catalog.setval('public.auth_permission_id_seq', 36, true);


--
-- Name: borrowers_borrower_groups_id_seq; Type: SEQUENCE SET; Schema: public; Owner: resourcelab
--

SELECT pg_catalog.setval('public.borrowers_borrower_groups_id_seq', 1, false);


--
-- Name: borrowers_borrower_id_seq; Type: SEQUENCE SET; Schema: public; Owner: resourcelab
--

SELECT pg_catalog.setval('public.borrowers_borrower_id_seq', 3, true);


--
-- Name: borrowers_borrower_user_permissions_id_seq; Type: SEQUENCE SET; Schema: public; Owner: resourcelab
--

SELECT pg_catalog.setval('public.borrowers_borrower_user_permissions_id_seq', 1, false);


--
-- Name: borrowers_paymentmethod_id_seq; Type: SEQUENCE SET; Schema: public; Owner: resourcelab
--

SELECT pg_catalog.setval('public.borrowers_paymentmethod_id_seq', 1, false);


--
-- Name: django_admin_log_id_seq; Type: SEQUENCE SET; Schema: public; Owner: resourcelab
--

SELECT pg_catalog.setval('public.django_admin_log_id_seq', 1, false);


--
-- Name: django_content_type_id_seq; Type: SEQUENCE SET; Schema: public; Owner: resourcelab
--

SELECT pg_catalog.setval('public.django_content_type_id_seq', 9, true);


--
-- Name: django_migrations_id_seq; Type: SEQUENCE SET; Schema: public; Owner: resourcelab
--

SELECT pg_catalog.setval('public.django_migrations_id_seq', 27, true);


--
-- Name: loans_loan_id_seq; Type: SEQUENCE SET; Schema: public; Owner: resourcelab
--

SELECT pg_catalog.setval('public.loans_loan_id_seq', 11, true);


--
-- Name: mfi_mfi_id_seq; Type: SEQUENCE SET; Schema: public; Owner: resourcelab
--

SELECT pg_catalog.setval('public.mfi_mfi_id_seq', 2, true);


--
-- Name: auth_group auth_group_name_key; Type: CONSTRAINT; Schema: public; Owner: resourcelab
--

ALTER TABLE ONLY public.auth_group
    ADD CONSTRAINT auth_group_name_key UNIQUE (name);


--
-- Name: auth_group_permissions auth_group_permissions_group_id_permission_id_0cd325b0_uniq; Type: CONSTRAINT; Schema: public; Owner: resourcelab
--

ALTER TABLE ONLY public.auth_group_permissions
    ADD CONSTRAINT auth_group_permissions_group_id_permission_id_0cd325b0_uniq UNIQUE (group_id, permission_id);


--
-- Name: auth_group_permissions auth_group_permissions_pkey; Type: CONSTRAINT; Schema: public; Owner: resourcelab
--

ALTER TABLE ONLY public.auth_group_permissions
    ADD CONSTRAINT auth_group_permissions_pkey PRIMARY KEY (id);


--
-- Name: auth_group auth_group_pkey; Type: CONSTRAINT; Schema: public; Owner: resourcelab
--

ALTER TABLE ONLY public.auth_group
    ADD CONSTRAINT auth_group_pkey PRIMARY KEY (id);


--
-- Name: auth_permission auth_permission_content_type_id_codename_01ab375a_uniq; Type: CONSTRAINT; Schema: public; Owner: resourcelab
--

ALTER TABLE ONLY public.auth_permission
    ADD CONSTRAINT auth_permission_content_type_id_codename_01ab375a_uniq UNIQUE (content_type_id, codename);


--
-- Name: auth_permission auth_permission_pkey; Type: CONSTRAINT; Schema: public; Owner: resourcelab
--

ALTER TABLE ONLY public.auth_permission
    ADD CONSTRAINT auth_permission_pkey PRIMARY KEY (id);


--
-- Name: borrowers_borrower borrowers_borrower_email_key; Type: CONSTRAINT; Schema: public; Owner: resourcelab
--

ALTER TABLE ONLY public.borrowers_borrower
    ADD CONSTRAINT borrowers_borrower_email_key UNIQUE (email);


--
-- Name: borrowers_borrower_groups borrowers_borrower_groups_borrower_id_group_id_7905fb82_uniq; Type: CONSTRAINT; Schema: public; Owner: resourcelab
--

ALTER TABLE ONLY public.borrowers_borrower_groups
    ADD CONSTRAINT borrowers_borrower_groups_borrower_id_group_id_7905fb82_uniq UNIQUE (borrower_id, group_id);


--
-- Name: borrowers_borrower_groups borrowers_borrower_groups_pkey; Type: CONSTRAINT; Schema: public; Owner: resourcelab
--

ALTER TABLE ONLY public.borrowers_borrower_groups
    ADD CONSTRAINT borrowers_borrower_groups_pkey PRIMARY KEY (id);


--
-- Name: borrowers_borrower borrowers_borrower_idNumber_key; Type: CONSTRAINT; Schema: public; Owner: resourcelab
--

ALTER TABLE ONLY public.borrowers_borrower
    ADD CONSTRAINT "borrowers_borrower_idNumber_key" UNIQUE ("idNumber");


--
-- Name: borrowers_borrower borrowers_borrower_pkey; Type: CONSTRAINT; Schema: public; Owner: resourcelab
--

ALTER TABLE ONLY public.borrowers_borrower
    ADD CONSTRAINT borrowers_borrower_pkey PRIMARY KEY (id);


--
-- Name: borrowers_borrower_user_permissions borrowers_borrower_user__borrower_id_permission_i_9c51e10c_uniq; Type: CONSTRAINT; Schema: public; Owner: resourcelab
--

ALTER TABLE ONLY public.borrowers_borrower_user_permissions
    ADD CONSTRAINT borrowers_borrower_user__borrower_id_permission_i_9c51e10c_uniq UNIQUE (borrower_id, permission_id);


--
-- Name: borrowers_borrower_user_permissions borrowers_borrower_user_permissions_pkey; Type: CONSTRAINT; Schema: public; Owner: resourcelab
--

ALTER TABLE ONLY public.borrowers_borrower_user_permissions
    ADD CONSTRAINT borrowers_borrower_user_permissions_pkey PRIMARY KEY (id);


--
-- Name: borrowers_paymentmethod borrowers_paymentmethod_pkey; Type: CONSTRAINT; Schema: public; Owner: resourcelab
--

ALTER TABLE ONLY public.borrowers_paymentmethod
    ADD CONSTRAINT borrowers_paymentmethod_pkey PRIMARY KEY (id);


--
-- Name: django_admin_log django_admin_log_pkey; Type: CONSTRAINT; Schema: public; Owner: resourcelab
--

ALTER TABLE ONLY public.django_admin_log
    ADD CONSTRAINT django_admin_log_pkey PRIMARY KEY (id);


--
-- Name: django_content_type django_content_type_app_label_model_76bd3d3b_uniq; Type: CONSTRAINT; Schema: public; Owner: resourcelab
--

ALTER TABLE ONLY public.django_content_type
    ADD CONSTRAINT django_content_type_app_label_model_76bd3d3b_uniq UNIQUE (app_label, model);


--
-- Name: django_content_type django_content_type_pkey; Type: CONSTRAINT; Schema: public; Owner: resourcelab
--

ALTER TABLE ONLY public.django_content_type
    ADD CONSTRAINT django_content_type_pkey PRIMARY KEY (id);


--
-- Name: django_migrations django_migrations_pkey; Type: CONSTRAINT; Schema: public; Owner: resourcelab
--

ALTER TABLE ONLY public.django_migrations
    ADD CONSTRAINT django_migrations_pkey PRIMARY KEY (id);


--
-- Name: django_session django_session_pkey; Type: CONSTRAINT; Schema: public; Owner: resourcelab
--

ALTER TABLE ONLY public.django_session
    ADD CONSTRAINT django_session_pkey PRIMARY KEY (session_key);


--
-- Name: loans_loan loans_loan_pkey; Type: CONSTRAINT; Schema: public; Owner: resourcelab
--

ALTER TABLE ONLY public.loans_loan
    ADD CONSTRAINT loans_loan_pkey PRIMARY KEY (id);


--
-- Name: mfi_mfi mfi_mfi_email_key; Type: CONSTRAINT; Schema: public; Owner: resourcelab
--

ALTER TABLE ONLY public.mfi_mfi
    ADD CONSTRAINT mfi_mfi_email_key UNIQUE (email);


--
-- Name: mfi_mfi mfi_mfi_licenseID_key; Type: CONSTRAINT; Schema: public; Owner: resourcelab
--

ALTER TABLE ONLY public.mfi_mfi
    ADD CONSTRAINT "mfi_mfi_licenseID_key" UNIQUE ("licenseID");


--
-- Name: mfi_mfi mfi_mfi_pkey; Type: CONSTRAINT; Schema: public; Owner: resourcelab
--

ALTER TABLE ONLY public.mfi_mfi
    ADD CONSTRAINT mfi_mfi_pkey PRIMARY KEY (id);


--
-- Name: auth_group_name_a6ea08ec_like; Type: INDEX; Schema: public; Owner: resourcelab
--

CREATE INDEX auth_group_name_a6ea08ec_like ON public.auth_group USING btree (name varchar_pattern_ops);


--
-- Name: auth_group_permissions_group_id_b120cbf9; Type: INDEX; Schema: public; Owner: resourcelab
--

CREATE INDEX auth_group_permissions_group_id_b120cbf9 ON public.auth_group_permissions USING btree (group_id);


--
-- Name: auth_group_permissions_permission_id_84c5c92e; Type: INDEX; Schema: public; Owner: resourcelab
--

CREATE INDEX auth_group_permissions_permission_id_84c5c92e ON public.auth_group_permissions USING btree (permission_id);


--
-- Name: auth_permission_content_type_id_2f476e4b; Type: INDEX; Schema: public; Owner: resourcelab
--

CREATE INDEX auth_permission_content_type_id_2f476e4b ON public.auth_permission USING btree (content_type_id);


--
-- Name: borrowers_borrower_email_e51377ac_like; Type: INDEX; Schema: public; Owner: resourcelab
--

CREATE INDEX borrowers_borrower_email_e51377ac_like ON public.borrowers_borrower USING btree (email varchar_pattern_ops);


--
-- Name: borrowers_borrower_groups_borrower_id_868d89a4; Type: INDEX; Schema: public; Owner: resourcelab
--

CREATE INDEX borrowers_borrower_groups_borrower_id_868d89a4 ON public.borrowers_borrower_groups USING btree (borrower_id);


--
-- Name: borrowers_borrower_groups_group_id_5603ca4f; Type: INDEX; Schema: public; Owner: resourcelab
--

CREATE INDEX borrowers_borrower_groups_group_id_5603ca4f ON public.borrowers_borrower_groups USING btree (group_id);


--
-- Name: borrowers_borrower_idNumber_0607bbf4_like; Type: INDEX; Schema: public; Owner: resourcelab
--

CREATE INDEX "borrowers_borrower_idNumber_0607bbf4_like" ON public.borrowers_borrower USING btree ("idNumber" varchar_pattern_ops);


--
-- Name: borrowers_borrower_user_permissions_borrower_id_6c77bbdd; Type: INDEX; Schema: public; Owner: resourcelab
--

CREATE INDEX borrowers_borrower_user_permissions_borrower_id_6c77bbdd ON public.borrowers_borrower_user_permissions USING btree (borrower_id);


--
-- Name: borrowers_borrower_user_permissions_permission_id_2070ab1f; Type: INDEX; Schema: public; Owner: resourcelab
--

CREATE INDEX borrowers_borrower_user_permissions_permission_id_2070ab1f ON public.borrowers_borrower_user_permissions USING btree (permission_id);


--
-- Name: borrowers_paymentmethod_borrower_id_00c08f70; Type: INDEX; Schema: public; Owner: resourcelab
--

CREATE INDEX borrowers_paymentmethod_borrower_id_00c08f70 ON public.borrowers_paymentmethod USING btree (borrower_id);


--
-- Name: django_admin_log_content_type_id_c4bce8eb; Type: INDEX; Schema: public; Owner: resourcelab
--

CREATE INDEX django_admin_log_content_type_id_c4bce8eb ON public.django_admin_log USING btree (content_type_id);


--
-- Name: django_admin_log_user_id_c564eba6; Type: INDEX; Schema: public; Owner: resourcelab
--

CREATE INDEX django_admin_log_user_id_c564eba6 ON public.django_admin_log USING btree (user_id);


--
-- Name: django_session_expire_date_a5c62663; Type: INDEX; Schema: public; Owner: resourcelab
--

CREATE INDEX django_session_expire_date_a5c62663 ON public.django_session USING btree (expire_date);


--
-- Name: django_session_session_key_c0390e0f_like; Type: INDEX; Schema: public; Owner: resourcelab
--

CREATE INDEX django_session_session_key_c0390e0f_like ON public.django_session USING btree (session_key varchar_pattern_ops);


--
-- Name: loans_loan_borrower_id_482a8bc4; Type: INDEX; Schema: public; Owner: resourcelab
--

CREATE INDEX loans_loan_borrower_id_482a8bc4 ON public.loans_loan USING btree (borrower_id);


--
-- Name: loans_loan_mfi_id_37403574; Type: INDEX; Schema: public; Owner: resourcelab
--

CREATE INDEX loans_loan_mfi_id_37403574 ON public.loans_loan USING btree (mfi_id);


--
-- Name: mfi_mfi_email_34778d88_like; Type: INDEX; Schema: public; Owner: resourcelab
--

CREATE INDEX mfi_mfi_email_34778d88_like ON public.mfi_mfi USING btree (email varchar_pattern_ops);


--
-- Name: mfi_mfi_licenseID_7f08444b_like; Type: INDEX; Schema: public; Owner: resourcelab
--

CREATE INDEX "mfi_mfi_licenseID_7f08444b_like" ON public.mfi_mfi USING btree ("licenseID" varchar_pattern_ops);


--
-- Name: auth_group_permissions auth_group_permissio_permission_id_84c5c92e_fk_auth_perm; Type: FK CONSTRAINT; Schema: public; Owner: resourcelab
--

ALTER TABLE ONLY public.auth_group_permissions
    ADD CONSTRAINT auth_group_permissio_permission_id_84c5c92e_fk_auth_perm FOREIGN KEY (permission_id) REFERENCES public.auth_permission(id) DEFERRABLE INITIALLY DEFERRED;


--
-- Name: auth_group_permissions auth_group_permissions_group_id_b120cbf9_fk_auth_group_id; Type: FK CONSTRAINT; Schema: public; Owner: resourcelab
--

ALTER TABLE ONLY public.auth_group_permissions
    ADD CONSTRAINT auth_group_permissions_group_id_b120cbf9_fk_auth_group_id FOREIGN KEY (group_id) REFERENCES public.auth_group(id) DEFERRABLE INITIALLY DEFERRED;


--
-- Name: auth_permission auth_permission_content_type_id_2f476e4b_fk_django_co; Type: FK CONSTRAINT; Schema: public; Owner: resourcelab
--

ALTER TABLE ONLY public.auth_permission
    ADD CONSTRAINT auth_permission_content_type_id_2f476e4b_fk_django_co FOREIGN KEY (content_type_id) REFERENCES public.django_content_type(id) DEFERRABLE INITIALLY DEFERRED;


--
-- Name: borrowers_borrower_groups borrowers_borrower_g_borrower_id_868d89a4_fk_borrowers; Type: FK CONSTRAINT; Schema: public; Owner: resourcelab
--

ALTER TABLE ONLY public.borrowers_borrower_groups
    ADD CONSTRAINT borrowers_borrower_g_borrower_id_868d89a4_fk_borrowers FOREIGN KEY (borrower_id) REFERENCES public.borrowers_borrower(id) DEFERRABLE INITIALLY DEFERRED;


--
-- Name: borrowers_borrower_groups borrowers_borrower_groups_group_id_5603ca4f_fk_auth_group_id; Type: FK CONSTRAINT; Schema: public; Owner: resourcelab
--

ALTER TABLE ONLY public.borrowers_borrower_groups
    ADD CONSTRAINT borrowers_borrower_groups_group_id_5603ca4f_fk_auth_group_id FOREIGN KEY (group_id) REFERENCES public.auth_group(id) DEFERRABLE INITIALLY DEFERRED;


--
-- Name: borrowers_borrower_user_permissions borrowers_borrower_u_borrower_id_6c77bbdd_fk_borrowers; Type: FK CONSTRAINT; Schema: public; Owner: resourcelab
--

ALTER TABLE ONLY public.borrowers_borrower_user_permissions
    ADD CONSTRAINT borrowers_borrower_u_borrower_id_6c77bbdd_fk_borrowers FOREIGN KEY (borrower_id) REFERENCES public.borrowers_borrower(id) DEFERRABLE INITIALLY DEFERRED;


--
-- Name: borrowers_borrower_user_permissions borrowers_borrower_u_permission_id_2070ab1f_fk_auth_perm; Type: FK CONSTRAINT; Schema: public; Owner: resourcelab
--

ALTER TABLE ONLY public.borrowers_borrower_user_permissions
    ADD CONSTRAINT borrowers_borrower_u_permission_id_2070ab1f_fk_auth_perm FOREIGN KEY (permission_id) REFERENCES public.auth_permission(id) DEFERRABLE INITIALLY DEFERRED;


--
-- Name: borrowers_paymentmethod borrowers_paymentmet_borrower_id_00c08f70_fk_borrowers; Type: FK CONSTRAINT; Schema: public; Owner: resourcelab
--

ALTER TABLE ONLY public.borrowers_paymentmethod
    ADD CONSTRAINT borrowers_paymentmet_borrower_id_00c08f70_fk_borrowers FOREIGN KEY (borrower_id) REFERENCES public.borrowers_borrower(id) DEFERRABLE INITIALLY DEFERRED;


--
-- Name: django_admin_log django_admin_log_content_type_id_c4bce8eb_fk_django_co; Type: FK CONSTRAINT; Schema: public; Owner: resourcelab
--

ALTER TABLE ONLY public.django_admin_log
    ADD CONSTRAINT django_admin_log_content_type_id_c4bce8eb_fk_django_co FOREIGN KEY (content_type_id) REFERENCES public.django_content_type(id) DEFERRABLE INITIALLY DEFERRED;


--
-- Name: django_admin_log django_admin_log_user_id_c564eba6_fk_borrowers_borrower_id; Type: FK CONSTRAINT; Schema: public; Owner: resourcelab
--

ALTER TABLE ONLY public.django_admin_log
    ADD CONSTRAINT django_admin_log_user_id_c564eba6_fk_borrowers_borrower_id FOREIGN KEY (user_id) REFERENCES public.borrowers_borrower(id) DEFERRABLE INITIALLY DEFERRED;


--
-- Name: loans_loan loans_loan_borrower_id_482a8bc4_fk_borrowers_borrower_id; Type: FK CONSTRAINT; Schema: public; Owner: resourcelab
--

ALTER TABLE ONLY public.loans_loan
    ADD CONSTRAINT loans_loan_borrower_id_482a8bc4_fk_borrowers_borrower_id FOREIGN KEY (borrower_id) REFERENCES public.borrowers_borrower(id) DEFERRABLE INITIALLY DEFERRED;


--
-- Name: loans_loan loans_loan_mfi_id_37403574_fk_mfi_mfi_id; Type: FK CONSTRAINT; Schema: public; Owner: resourcelab
--

ALTER TABLE ONLY public.loans_loan
    ADD CONSTRAINT loans_loan_mfi_id_37403574_fk_mfi_mfi_id FOREIGN KEY (mfi_id) REFERENCES public.mfi_mfi(id) DEFERRABLE INITIALLY DEFERRED;


--
-- Name: SCHEMA public; Type: ACL; Schema: -; Owner: postgres
--

GRANT USAGE ON SCHEMA public TO resourcelab;


--
-- Name: DEFAULT PRIVILEGES FOR TABLES; Type: DEFAULT ACL; Schema: public; Owner: postgres
--

ALTER DEFAULT PRIVILEGES FOR ROLE postgres IN SCHEMA public GRANT ALL ON TABLES  TO resourcelab;


--
-- PostgreSQL database dump complete
--

